url_path,views_total,views_unique
/mepa1363/amazon-location-maplibre-js/blob/main/index.html,17,2
/mepa1363/amazon-location-maplibre-js/tree/main,5,1
/mepa1363/amazon-location-maplibre-js/tree/main/img,4,2
/mepa1363/amazon-location-maplibre-js,2,2
/mepa1363/amazon-location-maplibre-js/blob/main/img/esri-imagery.png,2,1
/mepa1363/amazon-location-maplibre-js/blob/main/img/esri-light-gray-canvas.png,2,1
/mepa1363/amazon-location-maplibre-js/blob/main/img/esri-navigation.png,2,1
/mepa1363/amazon-location-maplibre-js/blob/main/img/here-berlin.png,2,1
/mepa1363/amazon-location-maplibre-js/blob/main/img/here-explore-truck.png,2,1
/mepa1363/amazon-location-maplibre-js/blob/main/img/yyc11.png,2,1
